id,ordinal,title,agency,category,release_date,incident_date,incident_location,page_count,word_count,text_pages,search_tier,readiness,extraction_method,ocr_pages_attempted,ocr_pages_used,ocr_mean_confidence,source_url,sha256,csv_description
001,1,65_HS1-834228961_62-HQ-83894_Section_10,FBI,FBI serial/case material,5/8/26,N/A,N/A,184,53908,133,ocr_review_recommended,ocr_searchable_review_recommended,ocr_batch_07_tesseract,184,133,76.92,https://www.war.gov/medialink/ufo/release_1/65_hs1-834228961_62-hq-83894_section_10.pdf,06f96d67fa825b5aefe41bd60e6f3860d71320e2aa436a2bf30240e12c33d0f0,"The FBI's 62-HQ-83894 case file includes investigative records, eyewitness testimonies, and public reports concerning Unidentified Flying Objects and flying discs documented between June 1947 and July 1968. The records include high-profile incident accounts, photographic evidence from sites like Oak Ridge, TN, and technical proposals regarding potential propulsion systems. Additional topics include convention programs, researcher accounts, and extensive media coverage from the period. This file is partially posted on FBI vault with more redactions and some pages missing. Included here is the complete case file with several newly declassified pages and only minor redactions."
002,2,65_HS1-834228961_62-HQ-83894_Section_2,FBI,FBI serial/case material,5/8/26,N/A,N/A,194,21137,112,ocr_review_recommended,ocr_searchable_review_recommended,ocr_batch_07_tesseract,194,112,75.81,https://www.war.gov/medialink/ufo/release_1/65_hs1-834228961_62-hq-83894_section_2.pdf,e196678aefbf9d1239524925838250d452ac3155789d226d6ebe0158b915070e,"The FBI's 62-HQ-83894 case file includes investigative records, eyewitness testimonies, and public reports concerning Unidentified Flying Objects and flying discs documented between June 1947 and July 1968. The records include high-profile incident accounts, photographic evidence from sites like Oak Ridge, TN, and technical proposals regarding potential propulsion systems. Additional topics include convention programs, researcher accounts, and extensive media coverage from the period. This file is partially posted on FBI vault with more redactions and some pages missing. Included here is the complete case file with several newly declassified pages and only minor redactions."
003,3,65_HS1-834228961_62-HQ-83894_Section_3,FBI,FBI serial/case material,5/8/26,N/A,N/A,190,30535,129,ocr_review_recommended,ocr_searchable_review_recommended,ocr_batch_08_tesseract,190,129,81.52,https://www.war.gov/medialink/ufo/release_1/65_hs1-834228961_62-hq-83894_section_3.pdf,1a9e21457d266c408a9982485034fed73ebdbede94b3c8322ee024eaa60cfe57,"The FBI's 62-HQ-83894 case file includes investigative records, eyewitness testimonies, and public reports concerning Unidentified Flying Objects and flying discs documented between June 1947 and July 1968. The records include high-profile incident accounts, photographic evidence from sites like Oak Ridge, TN, and technical proposals regarding potential propulsion systems. Additional topics include convention programs, researcher accounts, and extensive media coverage from the period. This file is partially posted on FBI vault with more redactions and some pages missing. Included here is the complete case file with several newly declassified pages and only minor redactions."
004,4,65_HS1-834228961_62-HQ-83894_Section_4,FBI,FBI serial/case material,5/8/26,N/A,N/A,214,29166,157,ocr_review_recommended,ocr_searchable_review_recommended,ocr_batch_08_tesseract,214,157,73.74,https://www.war.gov/medialink/ufo/release_1/65_hs1-834228961_62-hq-83894_section_4.pdf,1ddb6ef944239c55b86c1089246cd77aadd1d3d391238a1feeab700f7b773d7b,"The FBI's 62-HQ-83894 case file includes investigative records, eyewitness testimonies, and public reports concerning Unidentified Flying Objects and flying discs documented between June 1947 and July 1968. The records include high-profile incident accounts, photographic evidence from sites like Oak Ridge, TN, and technical proposals regarding potential propulsion systems. Additional topics include convention programs, researcher accounts, and extensive media coverage from the period. This file is partially posted on FBI vault with more redactions and some pages missing. Included here is the complete case file with several newly declassified pages and only minor redactions."
005,5,65_HS1-834228961_62-HQ-83894_Section_5,FBI,FBI serial/case material,5/8/26,N/A,N/A,209,18169,123,ocr_review_recommended,ocr_searchable_review_recommended,ocr_batch_09_tesseract,209,123,73.33,https://www.war.gov/medialink/ufo/release_1/65_hs1-834228961_62-hq-83894_section_5.pdf,8bac3aeb023a716259510a74b1264cc38f16b3a012e420e1551a163e4df57573,"The FBI's 62-HQ-83894 case file includes investigative records, eyewitness testimonies, and public reports concerning Unidentified Flying Objects and flying discs documented between June 1947 and July 1968. The records include high-profile incident accounts, photographic evidence from sites like Oak Ridge, TN, and technical proposals regarding potential propulsion systems. Additional topics include convention programs, researcher accounts, and extensive media coverage from the period. This file is partially posted on FBI vault with more redactions and some pages missing. Included here is the complete case file with several newly declassified pages and only minor redactions."
006,6,65_HS1-834228961_62-HQ-83894_Section_6,FBI,FBI serial/case material,5/8/26,N/A,N/A,271,39522,185,ocr_review_recommended,ocr_searchable_review_recommended,ocr_batch_09_tesseract,271,185,73.37,https://www.war.gov/medialink/ufo/release_1/65_hs1-834228961_62-hq-83894_section_6.pdf,3df0935cf48e6847d0a5df77a987f8a446e545cc1dda20cad60f79d966516568,"The FBI's 62-HQ-83894 case file includes investigative records, eyewitness testimonies, and public reports concerning Unidentified Flying Objects and flying discs documented between June 1947 and July 1968. The records include high-profile incident accounts, photographic evidence from sites like Oak Ridge, TN, and technical proposals regarding potential propulsion systems. Additional topics include convention programs, researcher accounts, and extensive media coverage from the period. This file is partially posted on FBI vault with more redactions and some pages missing. Included here is the complete case file with several newly declassified pages and only minor redactions."
007,7,65_HS1-834228961_62-HQ-83894_Section_7,FBI,FBI serial/case material,5/8/26,N/A,N/A,205,30207,147,ocr_review_recommended,ocr_searchable_review_recommended,ocr_batch_10_tesseract,205,147,76.19,https://www.war.gov/medialink/ufo/release_1/65_hs1-834228961_62-hq-83894_section_7.pdf,d1cc1285f2af2229df0f6a50dae11e72b943d94e95fb7effb34ba3433c12d82e,"The FBI's 62-HQ-83894 case file includes investigative records, eyewitness testimonies, and public reports concerning Unidentified Flying Objects and flying discs documented between June 1947 and July 1968. The records include high-profile incident accounts, photographic evidence from sites like Oak Ridge, TN, and technical proposals regarding potential propulsion systems. Additional topics include convention programs, researcher accounts, and extensive media coverage from the period. This file is partially posted on FBI vault with more redactions and some pages missing. Included here is the complete case file with several newly declassified pages and only minor redactions."
008,8,65_HS1-834228961_62-HQ-83894_Section_9,FBI,FBI serial/case material,5/8/26,N/A,N/A,290,35317,209,ocr_review_recommended,ocr_searchable_review_recommended,ocr_batch_10_tesseract,290,209,78.76,https://www.war.gov/medialink/ufo/release_1/65_hs1-834228961_62-hq-83894_section_9.pdf,ca1684b554c662851028c03a8861028e04f1d813e5621ffbb888b8eac87e9fce,"The FBI's 62-HQ-83894 case file includes investigative records, eyewitness testimonies, and public reports concerning Unidentified Flying Objects and flying discs documented between June 1947 and July 1968. The records include high-profile incident accounts, photographic evidence from sites like Oak Ridge, TN, and technical proposals regarding potential propulsion systems. Additional topics include convention programs, researcher accounts, and extensive media coverage from the period. This file is partially posted on FBI vault with more redactions and some pages missing. Included here is the complete case file with several newly declassified pages and only minor redactions."
009,9,65_HS1-834228961_62-HQ-83894_Serial_130,FBI,FBI serial/case material,5/8/26,N/A,N/A,126,23294,113,ocr_review_recommended,ocr_searchable_review_recommended,ocr_batch_05_tesseract,126,113,82.01,https://www.war.gov/medialink/ufo/release_1/65_hs1-834228961_62-hq-83894_serial_130.pdf,6446322736ff970386c35f5d305a9d245e632e80f53594ca948718cefd8669a9,"The FBI's 62-HQ-83894 case file includes investigative records, eyewitness testimonies, and public reports concerning Unidentified Flying Objects and flying discs documented between June 1947 and July 1968. The records include high-profile incident accounts, photographic evidence from sites like Oak Ridge, TN, and technical proposals regarding potential propulsion systems. Additional topics include convention programs, researcher accounts, and extensive media coverage from the period. This file is partially posted on FBI vault with more redactions and some pages missing. Included here is the complete case file with several newly declassified pages and only minor redactions."
010,10,65_HS1-834228961_62-HQ-83894_Serial_153,FBI,FBI serial/case material,5/8/26,N/A,N/A,9,196,3,ocr_review_recommended,sparse_ocr_review_recommended,ocr_batch_02_tesseract,9,3,81.27,https://www.war.gov/medialink/ufo/release_1/65_hs1-834228961_62-hq-83894_serial_153.pdf,fbb76ffa1aad67e53d98e189b557ee3f893d2374ca28ae93862a79db20908db6,"The FBI's 62-HQ-83894 case file includes investigative records, eyewitness testimonies, and public reports concerning Unidentified Flying Objects and flying discs documented between June 1947 and July 1968. The records include high-profile incident accounts, photographic evidence from sites like Oak Ridge, TN, and technical proposals regarding potential propulsion systems. Additional topics include convention programs, researcher accounts, and extensive media coverage from the period. This file is partially posted on FBI vault with more redactions and some pages missing. Included here is the complete case file with several newly declassified pages and only minor redactions."
011,11,65_HS1-834228961_62-HQ-83894_Serial_164,FBI,FBI serial/case material,5/8/26,N/A,N/A,137,22254,120,ocr_review_recommended,ocr_searchable_review_recommended,ocr_batch_05_tesseract,137,120,92.2,https://www.war.gov/medialink/ufo/release_1/65_hs1-834228961_62-hq-83894_serial_164.pdf,879e35dffa0b4a126fc114f6f402a2ca398bd0b6e4718e12f377e7a65e1a3170,"The FBI's 62-HQ-83894 case file includes investigative records, eyewitness testimonies, and public reports concerning Unidentified Flying Objects and flying discs documented between June 1947 and July 1968. The records include high-profile incident accounts, photographic evidence from sites like Oak Ridge, TN, and technical proposals regarding potential propulsion systems. Additional topics include convention programs, researcher accounts, and extensive media coverage from the period. This file is partially posted on FBI vault with more redactions and some pages missing. Included here is the complete case file with several newly declassified pages and only minor redactions."
012,12,65_HS1-834228961_62-HQ-83894_Serial_220,FBI,FBI serial/case material,5/8/26,N/A,N/A,15,2375,9,ocr_review_recommended,ocr_searchable_review_recommended,ocr_batch_03_tesseract,15,9,63.93,https://www.war.gov/medialink/ufo/release_1/65_hs1-834228961_62-hq-83894_serial_220.pdf,7899c7229a9c410bcc2ca0164c5a229c89c4ec9a31ead8824cdb8f5f501a605b,"The FBI's 62-HQ-83894 case file includes investigative records, eyewitness testimonies, and public reports concerning Unidentified Flying Objects and flying discs documented between June 1947 and July 1968. The records include high-profile incident accounts, photographic evidence from sites like Oak Ridge, TN, and technical proposals regarding potential propulsion systems. Additional topics include convention programs, researcher accounts, and extensive media coverage from the period. This file is partially posted on FBI vault with more redactions and some pages missing. Included here is the complete case file with several newly declassified pages and only minor redactions."
013,13,65_HS1-834228961_62-HQ-83894_Serial_403,FBI,FBI serial/case material,5/8/26,N/A,N/A,3,672,3,ocr_review_recommended,ocr_searchable_review_recommended,ocr_batch_02_tesseract,3,3,74.67,https://www.war.gov/medialink/ufo/release_1/65_hs1-834228961_62-hq-83894_serial_403.pdf,5cb3c74eecbafa0fb9d961ab173a1de54a89cbf430b55bdf144475c341413acf,"The FBI's 62-HQ-83894 case file includes investigative records, eyewitness testimonies, and public reports concerning Unidentified Flying Objects and flying discs documented between June 1947 and July 1968. The records include high-profile incident accounts, photographic evidence from sites like Oak Ridge, TN, and technical proposals regarding potential propulsion systems. Additional topics include convention programs, researcher accounts, and extensive media coverage from the period. This file is partially posted on FBI vault with more redactions and some pages missing. Included here is the complete case file with several newly declassified pages and only minor redactions."
014,14,65_HS1-834228961_62-HQ-83894_Serial_438,FBI,FBI serial/case material,5/8/26,N/A,N/A,40,7662,37,ocr_review_recommended,ocr_searchable_review_recommended,ocr_batch_04_tesseract,40,37,89.48,https://www.war.gov/medialink/ufo/release_1/65_hs1-834228961_62-hq-83894_serial_438.pdf,9a98bf803016c9a2252c03ea960d61d0e35652c88a9098018ebf8f953141c9a8,"The FBI's 62-HQ-83894 case file includes investigative records, eyewitness testimonies, and public reports concerning Unidentified Flying Objects and flying discs documented between June 1947 and July 1968. The records include high-profile incident accounts, photographic evidence from sites like Oak Ridge, TN, and technical proposals regarding potential propulsion systems. Additional topics include convention programs, researcher accounts, and extensive media coverage from the period. This file is partially posted on FBI vault with more redactions and some pages missing. Included here is the complete case file with several newly declassified pages and only minor redactions."
015,15,65_HS1-834228961_62-HQ-83894_Serial_449,FBI,FBI serial/case material,5/8/26,N/A,N/A,18,17163,18,ocr_review_recommended,ocr_searchable_review_recommended,ocr_batch_03_tesseract,18,18,82.22,https://www.war.gov/medialink/ufo/release_1/65_hs1-834228961_62-hq-83894_serial_449.pdf,beab1e97edc095b41bac00f3da2909e9fe252a6a3c623f46a83496bf7f4ed13b,"The FBI's 62-HQ-83894 case file includes investigative records, eyewitness testimonies, and public reports concerning Unidentified Flying Objects and flying discs documented between June 1947 and July 1968. The records include high-profile incident accounts, photographic evidence from sites like Oak Ridge, TN, and technical proposals regarding potential propulsion systems. Additional topics include convention programs, researcher accounts, and extensive media coverage from the period. This file is partially posted on FBI vault with more redactions and some pages missing. Included here is the complete case file with several newly declassified pages and only minor redactions."
016,16,65_HS1-834228961_62-HQ-83894_SUB_A,FBI,FBI serial/case material,5/8/26,N/A,N/A,124,39681,119,ocr_review_recommended,ocr_searchable_review_recommended,ocr_batch_05_tesseract,124,119,79.89,https://www.war.gov/medialink/ufo/release_1/65_hs1-834228961_62-hq-83894_sub_a.pdf,35995afc0d3986fffe9ca48b82d7712fcc7942e3e13ce554aac845302b5b1862,"The FBI's 62-HQ-83894 case file includes investigative records, eyewitness testimonies, and public reports concerning Unidentified Flying Objects and flying discs documented between June 1947 and July 1968. The records include high-profile incident accounts, photographic evidence from sites like Oak Ridge, TN, and technical proposals regarding potential propulsion systems. Additional topics include convention programs, researcher accounts, and extensive media coverage from the period. This file is partially posted on FBI vault with more redactions and some pages missing. Included here is the complete case file with several newly declassified pages and only minor redactions."
017,17,18_100754_ General 1946-7_Vol_2,Department of War,document,5/8/26,12/30/47,N/A,28,4854,28,ocr_review_recommended,ocr_searchable_review_recommended,ocr_batch_03_tesseract,28,28,77.57,https://www.war.gov/medialink/ufo/release_1/18_100754_%20general%201946-7_vol_2.pdf,85d659d6b2208610ac55e6c82cfed0315002f4b6d43963a29fb8e973258bfdd2,This file contains memorandums and correspondence related to flying disc/saucer sightings and that those are a matter of concern for the Air Materiel Command.
018,18,18_6369445_General_1948_Vol_1,Department of War,document,5/8/26,6/15/48,N/A,28,4060,28,ocr_review_recommended,ocr_searchable_review_recommended,ocr_batch_03_tesseract,28,28,75.12,https://www.war.gov/medialink/ufo/release_1/18_6369445_general_1948_vol_1.pdf,34d59dc7578ffe7e072a6164c6050f45cff30b634313a87141c0886aa93d15c7,"This file contains memorandums, correspondence, and forms related to the reporting of information on flying discs and investigations into sightings."
019,19,255_413270_UFO's_and_Defense_What_Should_we_Prepare_For,NASA,report,5/8/26,N/A,N/A,94,49234,92,ocr_review_recommended,ocr_searchable_review_recommended,ocr_batch_04_tesseract,94,92,92.86,https://www.war.gov/medialink/ufo/release_1/255_413270_ufo's_and_defense_what_should_we_prepare_for.pdf,2af37a8e08174de45b12ee3acc628736a3a36c5d95edd6c2c17f0bf6ccf1431e,"This file contains an independent report on UFOs written by the French association COMETA (previously published in the French magazine VDS in 1999), which details the results of a study by the Institute of Higher Studies for National Defence. The file also includes a letter from Carol Rosin in which she notes that she was spokesperson for von Braun during the last years of his life."
020,20,"NASA-UAP-D3, Gemini 7 Transcript, 1965",NASA,transcript/debrief,5/8/26,12/5/65,Low Earth Orbit,4,462,3,ocr_review_recommended,ocr_searchable_review_recommended,ocr_batch_02_tesseract,4,3,51.52,https://www.war.gov/medialink/ufo/release_1/255_t_763_r1b_transcripts.pdf,73cb8f0dc879a38811d9d745c11771263e112ec12a0e6bbabc27b9f781ddb74b,"Gemini 7 was the tenth crewed American spaceflight. This document is a transcript of communications between the flight crew, Astronauts James ""Jim"" Lovell and Frank Borman, and the Manned Flight Center (now known as Johnson Space Center) in Houston, Texas. The transcript begins with Borman's report of a ""bogey,"" contemporary nomenclature for an unknown aircraft, as well as a debris field. Borman described the debris field as consisting of ""very, very many [...] hundreds of little particles."" He estimated the particles' distance from the spacecraft to be four miles. Lovell described observing a ""brilliant body in the sun against a black background with trillions of particles on it.""This document also includes handwritten notes documenting the encounter, annotated with the phrase ""UFO Sighting by Borman"" in the top right corner."
021,21,331_120752_Numeric_Files_1944-1945_37153_German_Armament_Equipment_Documents,Department of War,report,5/8/26,3/18/45,Germany,17,3022,17,ocr_review_recommended,ocr_searchable_review_recommended,ocr_batch_03_tesseract,17,17,72.3,https://www.war.gov/medialink/ufo/release_1/331_120752_numeric_files_1944%E2%80%931945_37153_german_armament_equipment_documents.pdf,cc709f89f3f3de832ee3979817a3c716727dd03c2f4fe26a545f1904b29fd467,"This file contains SHAEF messages and memorandums related to ""night phenomena (foofighters),"" flak rockets, unidentified cylindrical objects, and blinking lights. The documents include multiple references to the observations of the 415th Night Fighter Squadron."
022,22,341_110448_Records_Relating_to_the_Collection_and_Dissemination_of_Intelligence_1948-1955-TS_CONT_No.2_2-5300-2-5399,Department of War,document,5/8/26,11/8/48,Netherlands,7,628,4,ocr_review_recommended,ocr_searchable_review_recommended,ocr_batch_02_tesseract,7,4,77.56,https://www.war.gov/medialink/ufo/release_1/341_110448_records_relating_to_the_collection_and_dissemination_of_intelligence_1948-1955-ts_cont_no.2_2-5300-2-5399.pdf,45b2fdb6c919cd8ed9c4406f4d60c7add073669dff5a5497595d4ecf08d72073,An Air Force intelligence report from November 1948 relating to unidentified flying objects and flying saucers.
024,24,342_HS1-416511228_319.1 Flying Discs 1949,Department of War,historical incident records,5/8/26,1/9/50,N/A,143,14611,98,ocr_review_recommended,ocr_searchable_review_recommended,ocr_batch_06_tesseract,143,98,74.88,https://www.war.gov/medialink/ufo/release_1/342_hs1-416511228_box186_319.1-flying-discs-1949.pdf,707639e26003ce0c4f317b379626092d56af0f5a73db52cd91d4af184009c515,"This file primarily contains incident reports on Unidentified Flying Objects (UFOs) written in compliance with the 1948 Flight Service Regulation (FSR) 200-4. The incidents were witnessed by military sources, as well as well as by some Civilian Aviation Authority (CAA) ones. The reports typically include information such as dates, locations, weather, and altitude, plus detailed descriptions of appearance and movement. Some messages from the Military Air Transport Service (MATS) and Army Airways Communications System (AACS) are also included, as well as additional military intelligence reports, several diagrams, and a report from a weather station in Japan."
025,25,38_143685_box_Incident_Summaries_101-172,Department of War,historical incident records,5/8/26,N/A,N/A,178,28452,155,ocr_review_recommended,ocr_searchable_review_recommended,ocr_batch_06_tesseract,178,155,80.07,https://www.war.gov/medialink/ufo/release_1/38_143685_box7_incident_summaries_101-172.pdf,f4b5cf6a93fe47c09123ce53706e430c814229ed688a49a96244a90b4bcf3e05,"Each of these incident summaries includes a ""Check-List - Unidentified Flying Objects"" that contains details about the incident. Many summaries also include witness lists or statements and other narrative reports or descriptions."
026,26,38_143685_box_Incident_Summaries_173-233,Department of War,historical incident records,5/8/26,N/A,N/A,144,18017,124,ocr_review_recommended,ocr_searchable_review_recommended,ocr_batch_06_tesseract,144,124,72.52,https://www.war.gov/medialink/ufo/release_1/38_143685_box7_incident_summaries_173-233.pdf,1d9722f764878359c73135f82b12608f1267eaf90d274c7d5775ab43bc9a289c,"Each of these incident summaries includes a ""Check-List - Unidentified Flying Objects"" that contains details about the incident. Many summaries also include witness lists or statements and other narrative reports or descriptions."
027,27,38_143685_box7_Incident_Summaries_1-100,Department of War,document,5/8/26,N/A,N/A,209,25231,173,ocr_review_recommended,ocr_searchable_review_recommended,ocr_batch_12_tesseract,209,173,72.27,https://www.war.gov/medialink/ufo/release_1/38_143685_box7_incident_summaries_1-100.pdf,13d1805bd1725b38174a328ddf34db564228163768a9082ddd59bca3780fc10e,"Each of these incident summaries includes a ""Check-List - Unidentified Flying Objects"" that contains details about the incident. Many summaries also include witness lists or statements and other narrative reports or descriptions."
028,28,59_214434_SP 16 [7.18.1963],Department of State,diplomatic cable,5/8/26,7/18/63,N/A,6,2099,6,ocr_review_recommended,ocr_searchable_review_recommended,ocr_batch_02_tesseract,6,6,93.72,https://www.war.gov/medialink/ufo/release_1/59_214434_sp_16_[7.18.1963].pdf,aba3ec3b8ef0240364308cf046ccbfcd252c5a5d7ef470d696b72c1f41b2502d,"This memorandum, dated July 18, 1963, from the Executive Office of the President, National Aeronautics and Space Council, relates to thoughts on the space alien race question. Included are details relating to plans if alien intelligence is discovered, expanding scientific knowledge, the possibility of life on Mars, and diplomatic policy."
029,29,59_64634_711.5612[7-2852,Department of State,diplomatic cable,5/8/26,7/18/52,N/A,6,2099,6,ocr_review_recommended,ocr_searchable_review_recommended,ocr_batch_02_tesseract,6,6,93.72,https://www.war.gov/medialink/ufo/release_1/59_214434_sp_16_7.18.1963.pdf,aba3ec3b8ef0240364308cf046ccbfcd252c5a5d7ef470d696b72c1f41b2502d,"This two page memorandum, dated July 18, 1952, relates to increased reports of unidentified flying objects (UFOs). Included in the record are possible explanations of increased sightings, such as technological improvements, historical records of UFOs, and U.S. Air Force opinions on UFOs."
030,30,65_HS1-101634279_100-DE-18221_Serial_844,FBI,FBI serial/case material,5/8/26,4/17/58,"Detroit, MI",1,219,1,ocr_review_recommended,sparse_ocr_review_recommended,ocr_batch_02_tesseract,1,1,88.85,https://www.war.gov/medialink/ufo/release_1/65_hs1-101634279_100-de-18221_serial_844.pdf,17e13c53b0cc0c3122b4d14d5b74a6cf8fda907179a9f8f8fea506c90c8fe09c,"An FBI memo from 1958 reporting a UFO sighting by a Detroit man who described a ""circular object with a crystal-type dome,"" and recommending that the information be forwarded to ""proper air force authorities."""
031,31,65_HS1-101634279_100-DE-26505,FBI,FBI serial/case material,5/8/26,11/7/57,Germany,15,1756,12,ocr_review_recommended,ocr_searchable_review_recommended,ocr_batch_03_tesseract,15,12,76.11,https://www.war.gov/medialink/ufo/release_1/65_hs1-101634279_100-de-26505.pdf,d71c2f57a9f173b56220eb6a7f5b867a6d0ed296a0c997cd4997e26fc895f29b,"An FBI report from 1957 detailing the interview with Wladyslaw Krasuski, who recounted seeing a large, circular, vertically-rising vehicle in 1944 Germany near a German military compound."
032,32,65_HS1-834228961_62-HQ-83894_Section_1,FBI,FBI serial/case material,5/8/26,N/A,N/A,185,20368,93,ocr_review_recommended,ocr_searchable_review_recommended,ocr_batch_11_tesseract,185,93,75.53,https://www.war.gov/medialink/ufo/release_1/65_hs1-834228961_62-hq-83894_section_1.pdf,47e9d92b03cd96e2af3510ae7b583ce03c6a89acc21a3cc75c0cae3773c19c35,"The FBI's 62-HQ-83894 case file includes investigative records, eyewitness testimonies, and public reports concerning Unidentified Flying Objects and flying discs documented between June 1947 and July 1968. The records include high-profile incident accounts, photographic evidence from sites like Oak Ridge, TN, and technical proposals regarding potential propulsion systems. Additional topics include convention programs, researcher accounts, and extensive media coverage from the period. This file is partially posted on FBI vault with more redactions and some pages missing. Included here is the complete case file with several newly declassified pages and only minor redactions."
033,33,65_HS1-834228961_62-HQ-83894_Section_8,FBI,FBI serial/case material,5/8/26,N/A,N/A,217,29932,159,ocr_review_recommended,ocr_searchable_review_recommended,ocr_batch_11_tesseract,217,159,75.59,https://www.war.gov/medialink/ufo/release_1/65_hs1-834228961_62-hq-83894_section_8.pdf,29f187bce011d5e4eaad979e179dfb746d7dbe6a0701ed6cb6b32199080ffd55,"The FBI's 62-HQ-83894 case file includes investigative records, eyewitness testimonies, and public reports concerning Unidentified Flying Objects and flying discs documented between June 1947 and July 1968. The records include high-profile incident accounts, photographic evidence from sites like Oak Ridge, TN, and technical proposals regarding potential propulsion systems. Additional topics include convention programs, researcher accounts, and extensive media coverage from the period. This file is partially posted on FBI vault with more redactions and some pages missing. Included here is the complete case file with several newly declassified pages and only minor redactions."
034,34,"DOW-UAP-D10, Mission Report, Middle East, May 2022",Department of War,mission report,5/8/26,5/6/22,Iraq,6,997,6,core_reliable_embedded_text,searchable_now,embedded_text,0,0,,https://www.war.gov/medialink/ufo/release_1/dow-uap-d10-mission-report-middle-east-may-2022.pdf,f9deed9063306b0c45a5a0f6b754db6967f7dc3a0ed66097f154be4b0f033399,"This document is a Mission Report (MISREP), a standardized reporting form the U.S. Military uses to record the circumstances surrounding its operations. U.S. military services often use MISREPs to report Unidentified Anomalous Phenomena (UAP) to AARO. The GENTEXT, or ""general text"" section of these reports often contains important qualitative, contextual information, distinguishing it from the more quantitative, or numerical, data found elsewhere in the report. A U.S. military operator reported observing ""5x UAP fly across the screen."" The report continues by describing one of those observations as a ""possible missile"" and the remaining four as ""possible birds.""All descriptive and estimative language contained in this report reflects the reporter's subjective interpretation at the time of the event. Such characterizations should not be interpreted as a conclusive indication of the presence or absence of any intrinsic object features or performance characteristics."
035,35,"DOW-UAP-D12, Mission Report, Iraq, May 2022",Department of War,mission report,5/8/26,5/20/22,Iraq,6,1022,6,core_reliable_embedded_text,searchable_now,embedded_text,0,0,,https://www.war.gov/medialink/ufo/release_1/dow-uap-d12-mission-report-iraq-may-2022.pdf,00afb60938d05101a62d0af41fdfc6749612fcea806d90d5a1035a9dc874afb5,"This document is a Mission Report (MISREP), a standardized reporting form the U.S. Military uses to record the circumstances surrounding its operations. U.S. military services often use MISREPs to report Unidentified Anomalous Phenomena (UAP) to AARO. The GENTEXT, or ""general text"" section of these reports often contains important qualitative, contextual information, distinguishing it from the more quantitative, or numerical, data found elsewhere in the report.A U.S. military operator reported observing one UAP flying north to northeast. The observer reported following the UAP for as long as possible but was unable to positively identify it.All descriptive and estimative language contained in this report reflects the reporter's subjective interpretation at the time of the event. Such characterizations should not be interpreted as a conclusive indication of the presence or absence of any intrinsic object features or performance characteristics."
036,36,"DOW-UAP-D14, Mission Report, Iraq, May 2022",Department of War,mission report,5/8/26,5/29/22,Syria,9,1754,9,core_reliable_embedded_text,searchable_now,embedded_text,0,0,,https://www.war.gov/medialink/ufo/release_1/dow-uap-d14-mission-report-iraq-may-2022.pdf,1822564fbae08f152ad4541c8d067a6ec3b6014c4b4eb8209604e1facb5e1bb3,"This document is a Mission Report (MISREP), a standardized reporting form the U.S. Military uses to record the circumstances surrounding its operations. U.S. military services often use MISREPs to report Unidentified Anomalous Phenomena (UAP) to AARO. The GENTEXT, or ""general text"" section of these reports often contains important qualitative, contextual information, distinguishing it from the more quantitative, or numerical, data found elsewhere in the report.A U.S. military operator reported observing one UAP flying north to northeast. The observer reported following the UAP for as long as possible but was unable to positively identify it.All descriptive and estimative language contained in this report reflects the reporter's subjective interpretation at the time of the event. Such characterizations should not be interpreted as a conclusive indication of the presence or absence of any intrinsic object features or performance characteristics."
037,37,"DOW-UAP-D16, Mission Report, Syria, July 2022",Department of War,mission report,5/8/26,7/31/22,Syria,7,1647,7,core_reliable_embedded_text,searchable_now,embedded_text,0,0,,https://www.war.gov/medialink/ufo/release_1/dow-uap-d16-mission-report-syria-july-2022.pdf,b3b3f023d70bcce3178de9fe6a019ea6db5e5145bc7e28a49308442e190ef817,"This document is a Mission Report (MISREP), a standardized reporting form the U.S. Military uses to record the circumstances surrounding its operations. U.S. military services often use MISREPs to report Unidentified Anomalous Phenomena (UAP) to AARO. The GENTEXT, or ""general text"" section of these reports often contains important qualitative, contextual information, distinguishing it from the more quantitative, or numerical, data found elsewhere in the report.A U.S. military operator reported observing one UAP move from north to south, with a total duration of under one minute.All descriptive and estimative language contained in this report reflects the reporter's subjective interpretation at the time of the event. Such characterizations should not be interpreted as a conclusive indication of the presence or absence of any intrinsic object features or performance characteristics."
038,38,"DOW-UAP-D18, Mission Report, Iraq, December 2022",Department of War,mission report,5/8/26,12/1/22,Iraq,6,982,6,core_reliable_embedded_text,searchable_now,embedded_text,0,0,,https://www.war.gov/medialink/ufo/release_1/dow-uap-d18-mission-report-iraq-december-2022.pdf,4752dd830144b21c3055a2fea8b44c551445b41622c27db64fb0fa07c2dcd93d,"This document is a Mission Report (MISREP), a standardized reporting form the U.S. Military uses to record the circumstances surrounding its operations. U.S. military services often use MISREPs to report Unidentified Anomalous Phenomena (UAP) to AARO. The GENTEXT, or ""general text"" section of these reports often contains important qualitative, contextual information, distinguishing it from the more quantitative, or numerical, data found elsewhere in the report.A U.S. military operator reported observing one ""possible UAP"" flying from west to east. The observer did not pursue the UAP.All descriptive and estimative language contained in this report reflects the reporter's subjective interpretation at the time of the event. Such characterizations should not be interpreted as a conclusive indication of the presence or absence of any intrinsic object features or performance characteristics."
039,39,"DOW-UAP-D19, Mission Report, Syria, February 21, 2023",Department of War,mission report,5/8/26,2/21/23,Syria,10,1718,10,core_reliable_embedded_text,searchable_now,embedded_text,0,0,,https://www.war.gov/medialink/ufo/release_1/dow-uap-d19-mission-report-syria-february-21-2023.pdf,46701a48cefa62a834941f073aa47234bcd5358b1ecc53bfa58cfc7cb5aeec41,"This document is a Mission Report (MISREP), a standardized reporting form the U.S. Military uses to record the circumstances surrounding its operations. U.S. military services often use MISREPs to report Unidentified Anomalous Phenomena (UAP) to AARO. The GENTEXT, or ""general text"" section of these reports often contains important qualitative, contextual information, distinguishing it from the more quantitative, or numerical, data found elsewhere in the report.A U.S. military operator reported observing one ""possible balloon"" at approximately 2,100 feet.All descriptive and estimative language contained in this report reflects the reporter's subjective interpretation at the time of the event. Such characterizations should not be interpreted as a conclusive indication of the presence or absence of any intrinsic object features or performance characteristics."
040,40,"DOW-UAP-D20, Mission Report, Southern United States, 2020",Department of War,mission report,5/8/26,3/31/23,Iraq,6,1102,6,core_reliable_embedded_text,searchable_now,embedded_text,0,0,,https://www.war.gov/medialink/ufo/release_1/dow-uap-d20-mission-report-southern-united-states-2020.pdf,71ca8826db94d61583083ef8465a6902564532dcab7d49d0d2db3e86aaf85b2f,"This document is a Mission Report (MISREP), a standardized reporting form the U.S. Military uses to record the circumstances surrounding its operations. U.S. military services often use MISREPs to report Unidentified Anomalous Phenomena (UAP) to AARO. The GENTEXT, or ""general text"" section of these reports often contains important qualitative, contextual information, distinguishing it from the more quantitative, or numerical, data found elsewhere in the report.A U.S. military operator reported observing ""several bright objects maneuvering quickly west to east northeast. The operator reported achieving a track on the UAP via an onboard targeting pod for approximately 20 seconds. The report describes that UAP then dimmed and disappeared from the targeting pod.All descriptive and estimative language contained in this report reflects the reporter's subjective interpretation at the time of the event. Such characterizations should not be interpreted as a conclusive indication of the presence or absence of any intrinsic object features or performance characteristics."
041,41,"DOW-UAP-D23, Mission Report, United Arab Emirates, October 2023",Department of War,mission report,5/8/26,10/31/23,Persian Gulf,9,1711,9,core_reliable_embedded_text,searchable_now,embedded_text,0,0,,https://www.war.gov/medialink/ufo/release_1/dow-uap-d23-mission-report-united-arab-emirates-october-2023.pdf,ea1cd5296143f378db533066b524c32c1ecfbfd43d74ec6be7d832c20fa271bb,"This document is a Mission Report (MISREP), a standardized reporting form the U.S. Military uses to record the circumstances surrounding its operations. U.S. military services often use MISREPs to report Unidentified Anomalous Phenomena (UAP) to AARO. The GENTEXT, or ""general text"" section of these reports often contains important qualitative, contextual information, distinguishing it from the more quantitative, or numerical, data found elsewhere in the report.A U.S. military operator reported observing one UAP.All descriptive and estimative language contained in this report reflects the reporter's subjective interpretation at the time of the event. Such characterizations should not be interpreted as a conclusive indication of the presence or absence of any intrinsic object features or performance characteristics."
042,42,"DOW-UAP-D25, Mission Report, Greece, January 2024",Department of War,mission report,5/8/26,1/25/24,Mediterranean Sea,7,1373,7,core_reliable_embedded_text,searchable_now,embedded_text,0,0,,https://www.war.gov/medialink/ufo/release_1/dow-uap-d25-mission-report-greece-january-2024.pdf,bd5478d2e420f6ff46fb06014e39027e1caa415f55efdc9bd70a849ff6990356,"This document is a Mission Report (MISREP), a standardized reporting form the U.S. Military uses to record the circumstances surrounding its operations. U.S. military services often use MISREPs to report Unidentified Anomalous Phenomena (UAP) to AARO. The GENTEXT, or ""general text"" section of these reports often contains important qualitative, contextual information, distinguishing it from the more quantitative, or numerical, data found elsewhere in the report.A U.S. military operator reported observing one UAP, estimating its speed as ""approximately 434 knots (499 mph)"". The observer described the UAP as diamond-shaped, with a non-maneuvering probe at the bottom. The observer noted that the UAP was only visible when viewed via an onboard Short-Wave Infrared (SWIR) sensor. The observer reported that the event occurred over a duration of approximately two minutes. All descriptive and estimative language contained in this report reflects the reporter's subjective interpretation at the time of the event. Such characterizations should not be interpreted as a conclusive indication of the presence or absence of any intrinsic object features or performance characteristics."
043,43,"DOW-UAP-D27, Mission Report, United Arab Emirates, October 2023",Department of War,mission report,5/8/26,6/7/24,Gulf of Oman,8,1499,8,core_reliable_embedded_text,searchable_now,embedded_text,0,0,,https://www.war.gov/medialink/ufo/release_1/dow-uap-d27-mission-report-united-arab-emirates-october-2023.pdf,86275421f64583566fcc32b7422c5d991b35dd7d3700e01d3fcf24b279fff243,"This document is a Mission Report (MISREP), a standardized reporting form the U.S. Military uses to record the circumstances surrounding its operations. U.S. military services often use MISREPs to report Unidentified Anomalous Phenomena (UAP) to AARO. The GENTEXT, or ""general text"" section of these reports often contains important qualitative, contextual information, distinguishing it from the more quantitative, or numerical, data found elsewhere in the report.A U.S. military operator reported observing one UAP at an estimated altitude of approximately 24,000 feet. The observer estimated the UAP's speed as 163 knots (187 mph).All descriptive and estimative language contained in this report reflects the reporter's subjective interpretation at the time of the event. Such characterizations should not be interpreted as a conclusive indication of the presence or absence of any intrinsic object features or performance characteristics."
044,44,"DOW-UAP-D28, Mission Report, Iraq, September 2024",Department of War,mission report,5/8/26,9/20/24,Iraq,6,1322,6,core_reliable_embedded_text,searchable_now,embedded_text,0,0,,https://www.war.gov/medialink/ufo/release_1/dow-uap-d28-mission-report-east-china-sea-2024.pdf,e12c00b3e2d64e35eef5623499e6eb23b1bc21d304523c75d28d3f474d91d77e,"This document is a Mission Report (MISREP), a standardized reporting form the U.S. Military uses to record the circumstances surrounding its operations. U.S. military services often use MISREPs to report Unidentified Anomalous Phenomena (UAP) to AARO. The GENTEXT, or ""general text"" section of these reports often contains important qualitative, contextual information, distinguishing it from the more quantitative, or numerical, data found elsewhere in the report.While conducting a weapons calibration test, U.S. military operators reported observing a lens flare via MX-20 and MX-25 IR sensors after firing an AGM-176 Griffin air-to-surface missile. The operators described the source of the flare as a UAP moving through the aircraft's sensor's field-of-view at a high rate of speed. The reporter assessed that the flare was associated with ""a significant heat source.""All descriptive and estimative language contained in this report reflects the reporter's subjective interpretation at the time of the event. Such characterizations should not be interpreted as a conclusive indication of the presence or absence of any intrinsic object features or performance characteristics."
045,45,"DOW-UAP-D3, Mission Report, Arabian Gulf, 2020",Department of War,mission report,5/8/26,N/A,N/A,7,684,6,core_reliable_embedded_text,searchable_now,embedded_text,0,0,,https://www.war.gov/medialink/ufo/release_1/dow-uap-d3-mission-report-arabian-gulf-2020.pdf,58219b8000454aa27424ead9530bf80420365a587b95d4c770a5dce916783b45,"This document is a Mission Report (MISREP), a standardized reporting form the U.S. Military uses to record the circumstances surrounding its operations. U.S. military services often use MISREPs to report Unidentified Anomalous Phenomena (UAP) to AARO. The GENTEXT, or ""general text"" section of these reports often contains important qualitative, contextual information, distinguishing it from the more quantitative, or numerical, data found elsewhere in the report.A U.S. military operator reported observing a ""line of dots followed by a trailing dot.""All descriptive and estimative language contained in this report reflects the reporter's subjective interpretation at the time of the event. Such characterizations should not be interpreted as a conclusive indication of the presence or absence of any intrinsic object features or performance characteristics."
046,46,"DOW-UAP-D32, Mission Report, Syria, October 2024",Department of War,mission report,5/8/26,10/20/24,Syria,10,1905,10,core_reliable_embedded_text,searchable_now,embedded_text,0,0,,"https://www.war.gov/medialink/ufo/release_1/dow-uap-d32-mission-report,-syria-october-2024.pdf",fd4deb1e48fcfa7fd2370b6459877882e6d6fdd0226ecaa881a45fba690172df,"This document is a Mission Report (MISREP), a standardized reporting form the U.S. Military uses to record the circumstances surrounding its operations. U.S. military services often use MISREPs to report Unidentified Anomalous Phenomena (UAP) to AARO. The GENTEXT, or ""general text"" section of these reports often contains important qualitative, contextual information, distinguishing it from the more quantitative, or numerical, data found elsewhere in the report.A U.S. military operator reported observing a ""misshapen and uneven ball of white light,"" describing multiple ""glares or light"" emanating from an ""unknown origin."" The reporter described the UAP as a ""light/glare halo effect"" at the top of the Full-Motion Video (FMV) feed.All descriptive and estimative language contained in this report reflects the reporter's subjective interpretation at the time of the event. Such characterizations should not be interpreted as a conclusive indication of the presence or absence of any intrinsic object features or performance characteristics."
047,47,"DOW-UAP-D33, Mission Report, Greece, October 2023",Department of War,mission report,5/8/26,10/27/23,Aegean Sea,7,1164,7,core_reliable_embedded_text,searchable_now,embedded_text,0,0,,https://www.war.gov/medialink/ufo/release_1/dow-uap-d33-mission-report-greece-october-2023.pdf,7078d96f334dbf396e0e0a141f943009fe2191cd20842e16ee381bcbc2776c43,"This document is a Mission Report (MISREP), a standardized reporting form the U.S. Military uses to record the circumstances surrounding its operations. U.S. military services often use MISREPs to report Unidentified Anomalous Phenomena (UAP) to AARO. The GENTEXT, or ""general text"" section of these reports often contains important qualitative, contextual information, distinguishing it from the more quantitative, or numerical, data found elsewhere in the report.A U.S. military operator reported observing a UAP ""flying just above the surface of the ocean."" The report describes the UAP as taking ""multiple 90-degree turns at an estimated 80 mph.""All descriptive and estimative language contained in this report reflects the reporter's subjective interpretation at the time of the event. Such characterizations should not be interpreted as a conclusive indication of the presence or absence of any intrinsic object features or performance characteristics."
048,48,"DOW-UAP-D35, Mission Report, Greece, October 2023",Department of War,mission report,5/8/26,10/29/23,Aegean Sea,7,1173,7,core_reliable_embedded_text,searchable_now,embedded_text,0,0,,https://www.war.gov/medialink/ufo/release_1/dow-uap-d35-mission-report-greece-october-2023.pdf,b4f4f4ce6dc7687a543905990671f999cd6c5a9e579159bfda501bf6d04f4445,"This document is a Mission Report (MISREP), a standardized reporting form the U.S. Military uses to record the circumstances surrounding its operations. U.S. military services often use MISREPs to report Unidentified Anomalous Phenomena (UAP) to AARO. The GENTEXT, or ""general text"" section of these reports often contains important qualitative, contextual information, distinguishing it from the more quantitative, or numerical, data found elsewhere in the report.A U.S. military operator reported observing a UAP ""flying just above the surface of the ocean."" The report describes the UAP as ""[flying] straight above the ocean towards lands.""All descriptive and estimative language contained in this report reflects the reporter's subjective interpretation at the time of the event. Such characterizations should not be interpreted as a conclusive indication of the presence or absence of any intrinsic object features or performance characteristics."
049,49,"DOW-UAP-D38, Range Fouler Debrief, Middle East, May 2020",Department of War,range fouler/debrief,5/8/26,5/14/20,Persian Gulf,1,529,1,core_reliable_embedded_text,searchable_now,embedded_text,0,0,,https://www.war.gov/medialink/ufo/release_1/dow-uap-d38-range-fouler-debrief-middle-east-may-2020.pdf,90b353682ba2181149054d0911b7553e58e959438dd4de531a06fc387a332f85,"This document is a Range Fouler Debrief, a standardized reporting form the U.S. Navy uses to record the circumstances surrounding an unauthorized intrusion into controlled airspace during active military operations or training. These reports contain a narrative description of the observer's experiences. A U.S. military operator reported observing a ""solid white object [fly] through the [field-of-view]. The reporter described the UAP as making erratic [movements] above the water.All descriptive and estimative language contained in this report reflects the reporter's subjective interpretation at the time of the event. Such characterizations should not be interpreted as a conclusive indication of the presence or absence of any intrinsic object features or performance characteristics."
051,51,"DOW-UAP-D42, Range Fouler Debrief, Japan, 2023",Department of War,range fouler/debrief,5/8/26,8/31/20,Arabian Gulf,1,565,1,expanded_review_recommended,expanded_searchable_review_recommended,embedded_plus_ocr_check,0,0,,https://www.war.gov/medialink/ufo/release_1/dow-uap-d42-range-fouler-debrief-japan-2023.pdf,d52431b354af55b1e86cb454e61fd61993af3b023a38f2d9e014a9c9d18d16b4,"This document is a Range Fouler Debrief Form, a standardized reporting form the U.S. Navy uses to record the circumstances surrounding an unauthorized intrusion into controlled airspace during active military operations or training. These reports contain a narrative description of the observer's experiences. A U.S. military operator reported observing an ""object fly through the screen."" The observer described a second object surpassing the first, at a higher speed. The report describes a total of three UAP ""moving amongst each other."" All descriptive and estimative language contained in this report reflects the reporter's subjective interpretation at the time of the event. Such characterizations should not be interpreted as a conclusive indication of the presence or absence of any intrinsic object features or performance characteristics."
052,52,"DOW-UAP-D44, Range Fouler Reporting Form, Gulf of Aden, October 2020",Department of War,range fouler/debrief,5/8/26,10/15/20,Arabian Sea,1,581,1,expanded_review_recommended,expanded_searchable_review_recommended,embedded_plus_ocr_check,0,0,,https://www.war.gov/medialink/ufo/release_1/dow-uap-d44-range-fouler-arabian-sea-october-2020.pdf,c5cfbc8bacca29db64346aaa03846a6e36eab01ac09e1e93d8d50028593cf3f9,"This document is a Range Fouler Reporting Form, a standardized reporting form the U.S. Navy uses to record the circumstances surrounding an unauthorized intrusion into controlled airspace during active military operations or training. These reports contain a narrative description of the observer's experiences. A U.S. military operator reported observing a ""round, cold object"" via infrared sensor, traveling at 319 degrees (northwest) at approximately 20 mph. The report describes the UAP making ""abrupt directional changes"" during the event.All descriptive and estimative language contained in this report reflects the reporter's subjective interpretation at the time of the event. Such characterizations should not be interpreted as a conclusive indication of the presence or absence of any intrinsic object features or performance characteristics."
053,53,"DOW-UAP-D48, Department of the Air Force Report, 1996",Department of War,report,5/8/26,9/10/96,N/A,181,61143,181,expanded_review_recommended,expanded_searchable_review_recommended,embedded_only_large_partial,0,0,,https://www.war.gov/medialink/ufo/release_1/dow-uap-d48-report-september-1996.pdf,0dc72877cdf9cc3a1645c3c9d282928922b00e8fd9ffd7b1daf66f46c72b2071,"This report describes the Modeling of Unlikely Space-Booster Failures in Risk Calculations, documenting historical launch failure modes and recommending corrective actions to address them using novel modelling techniques."
054,54,"DOW-UAP-D49, Launch Summary, Vandenberg AFB, 2000",Department of War,document,5/8/26,2/3/00,N/A,113,29644,113,core_reliable_embedded_text,searchable_now,embedded_text,0,0,,https://www.war.gov/medialink/ufo/release_1/dow-uap-d49-launch-summary-february-2000.pdf,0dd7855ac3c69e39a9752c53fe6ba3e851d617e28adfcbf07c3ec93907877cf7,This report summarizes the historical record of launches occurring at Vandenberg Air Force Base between 1958 and 2000.
056,56,"DOW-UAP-D50, Email Correspondence, INDOPACOM, April 2025",Department of War,email correspondence,5/8/26,4/10/2025-4/11/2025,N/A,2,173,2,core_reliable_embedded_text,searchable_now,embedded_text,0,0,,https://www.war.gov/medialink/ufo/release_1/dow-uap-d50-email-correspondence-indopacom-april-2025.pdf,10c11e9bf4d6686159da48e3d9388e7d3afe4ae8b1e79725ec6c63ccc491e537,This document is email correspondence describing the content of a mission report and requesting clarification on its content.All descriptive and estimative language contained in this report reflects the reporter's subjective interpretation at the time of the event. Such characterizations should not be interpreted as a conclusive indication of the presence or absence of any intrinsic object features or performance characteristics.
057,57,"DOW-UAP-D51, Email Correspondence, Pacific Time Zone, March 2023",Department of War,email correspondence,5/8/26,3/23/26,Pacific Time Zone,6,424,4,core_reliable_embedded_text,searchable_now,embedded_text,0,0,,https://www.war.gov/medialink/ufo/release_1/dow-uap-d51-email-correspondence-pacific-time-zone-march-2023.pdf,f21f4ae91e51810bfa8a6fce6c422f2bbf99c6277871846c642f987954c042f6,This document is email correspondence describing the content of a mission report and requesting clarification on its content.All descriptive and estimative language contained in this report reflects the reporter's subjective interpretation at the time of the event. Such characterizations should not be interpreted as a conclusive indication of the presence or absence of any intrinsic object features or performance characteristics.
058,58,"DOW-UAP-D52, Email Correspondance, NA, August 2024",Department of War,email correspondence,5/8/26,10/31/24,N/A,2,134,2,expanded_review_recommended,sparse_searchable_review_recommended,embedded_plus_ocr_check,0,0,,https://www.war.gov/medialink/ufo/release_1/dow-uap-d52-email-correspondance-na-august-2024.pdf,90570293e61c9b228e557b2e83f6e32821f5cf13879b0c5b83c1b8b58153f510,This document is email correspondence describing the content of a mission report and requesting clarification on its content.All descriptive and estimative language contained in this report reflects the reporter's subjective interpretation at the time of the event. Such characterizations should not be interpreted as a conclusive indication of the presence or absence of any intrinsic object features or performance characteristics.
059,59,"DOW-UAP-D54, Mission Report, Mediterranean Sea, NA",Department of War,mission report,5/8/26,N/A,Mediterranean Sea,7,126,1,expanded_review_recommended,sparse_searchable_review_recommended,embedded_plus_ocr_check,6,0,,https://www.war.gov/medialink/ufo/release_1/dow-uap-d54-mission-report-mediterranean-sea-na.pdf,03b730443d7be1c67478fc26da8ed664cb48b97acdb817caca3b04fd9b9b82a8,"This document is a Mission Report (MISREP), a standardized reporting form the U.S. Military uses to record the circumstances surrounding its operations. U.S. military services often use MISREPs to report Unidentified Anomalous Phenomena (UAP) to AARO. The GENTEXT, or ""general text"" section of these reports often contains important qualitative, contextual information, distinguishing it from the more quantitative, or numerical, data found elsewhere in the report.A U.S. military operator reported observing one UAP. The report describes the UAP as a ""triangular and metallic UAP."" The reporter estimated the UAP's altitude as 24,989 feet and speed as 168 knots (193mph).All descriptive and estimative language contained in this report reflects the reporter's subjective interpretation at the time of the event. Such characterizations should not be interpreted as a conclusive indication of the presence or absence of any intrinsic object features or performance characteristics."
060,60,"DOW-UAP-D55, Mission Report, Syria, November 2016",Department of War,mission report,5/8/26,11/18/16,Syria,1,247,1,core_reliable_embedded_text,searchable_now,embedded_text,0,0,,https://www.war.gov/medialink/ufo/release_1/dow-uap-d55-mission-report-syria-november-2016.pdf,f5885b95b57a81c08f0595c02950a07c250db050562520c52fb74f2195787166,"This document is a mission briefing summarizing an observation of Unidentified Anomalous Phenomena (UAP) by a U.S. military platform near Latakia, Syria.A U.S. military pilot flying a P-8A aircraft reported observing an object via the aircraft's EO/IR sensor, which they characterized as appearing to be in ""sea skim mode,"" traveling at approximately 500 knots (575 mph) on a southeasterly heading. The P-8A lost visual contact with the object after two minutes.All descriptive and estimative language contained in this report reflects the reporter's subjective interpretation at the time of the event. Such characterizations should not be interpreted as a conclusive indication of the presence or absence of any intrinsic object features or performance characteristics."
061,61,"DOW-UAP-D56, Range Fouler Debrief, Arabian Sea, August 2020",Department of War,range fouler/debrief,5/8/26,8/24/20,Arabian Sea,1,536,1,core_reliable_embedded_text,searchable_now,embedded_text,0,0,,https://www.war.gov/medialink/ufo/release_1/dow-uap-d56-range-fouler-debrief-arabian-sea-august-2020.pdf,9127fb5a81efacf030df4dc6290d02bcdf4c8512cf1809b6eccfe6cf16a77f31,"This document is a Range Fouler Debrief Form, a standardized reporting form the U.S. Navy uses to record the circumstances surrounding an unauthorized intrusion into controlled airspace during active military operations or training. These reports contain a narrative description of the observer's experiences. A U.S. military operator reported an encounter with a group of three ""unidentified small air contacts"" over the North Arabian Sea. The reporter described the UAP as having ""wings/airframe"" structure, and as initially bearing on a westerly heading. The operator tracked one UAP before losing sight of it behind a cloud. Upon regaining contact, the operator reported observing two additional UAP to the east of the first. The report states that all three objects then ""appeared to maintain their relative course, speed, and altitude.""All descriptive and estimative language contained in this report reflects the reporter's subjective interpretation at the time of the event. Such characterizations should not be interpreted as a conclusive indication of the presence or absence of any intrinsic object features or performance characteristics."
062,62,"DOW-UAP-D57, Range Fouler Reporting Form, Gulf of Aden, September 2020",Department of War,range fouler/debrief,5/8/26,9/4/20,Gulf of Aden,1,499,1,core_reliable_embedded_text,searchable_now,embedded_text,0,0,,https://www.war.gov/medialink/ufo/release_1/dow-uap-d57-mission-report-gulf-of-aden-september-2020.pdf,2565433b0ac938d6123c611be75b30ec6cf99c192e71dbf4ef53c40a6852ca00,"This document is a Range Fouler Reporting Form, a standardized reporting form the U.S. Navy uses to record the circumstances surrounding an unauthorized intrusion into controlled airspace during active military operations or training. These reports contain a narrative description of the observer's experiences. A U.S. military operator reported tracking a ""round, cold object"" over the Gulf of Aden for eight minutes via ""black hot"" IR sensor, making the UAP appear ""bright white."" The report states that the UAP was ""traveling 168 degrees at 277 mph"" and ""made a few abrupt directional changes"" during the encounter.All descriptive and estimative language contained in this report reflects the reporter's subjective interpretation at the time of the event. Such characterizations should not be interpreted as a conclusive indication of the presence or absence of any intrinsic object features or performance characteristics."
063,63,"DOW-UAP-D58, Range Fouler Debrief, NA, October 2020",Department of War,range fouler/debrief,5/8/26,10/27/20,N/A,1,514,1,core_reliable_embedded_text,searchable_now,embedded_text,0,0,,https://www.war.gov/medialink/ufo/release_1/dow-uap-d58-range-fouler-debrief-na-october-2020.pdf,c2bd370cdadc2f17649830713d55731aa22ceb76940fd64ae7ffc86fc0559261,"This document is a Range Fouler Debrief, a standardized reporting form the U.S. Navy uses to record the circumstances surrounding an unauthorized intrusion into controlled airspace during active military operations or training. These reports contain a narrative description of the observer's experiences. A U.S. military operator reported an encounter with a group of two UAP. The operator described the UAP as ""balloon-shaped,"" metallic, and reflective, characterizing them as ""2x red blinking strobes."" The report states that ""one range fouler was circling around the other.""All descriptive and estimative language contained in this report reflects the reporter's subjective interpretation at the time of the event. Such characterizations should not be interpreted as a conclusive indication of the presence or absence of any intrinsic object features or performance characteristics."
065,65,"DOW-UAP-D60, Mission Report, Persian Gulf, August 2020",Department of War,mission report,5/8/26,8/8/20,Persian Gulf,6,951,6,ocr_review_recommended,ocr_searchable_review_recommended,ocr_batch_02_tesseract,6,6,80.21,https://www.war.gov/medialink/ufo/release_1/dow-uap-d60-mission-report-persian-gulf-august-2020.pdf,39126406547c89dbc81112c5638612858fcfe7e38179dd89e6d725dc6cee13b1,"This document is a Mission Report (MISREP), a standardized reporting form the U.S. Military uses to record the circumstances surrounding its operations. U.S. military services often use MISREPs to report Unidentified Anomalous Phenomena (UAP) to AARO. The GENTEXT, or ""general text"" section of these reports often contains important qualitative, contextual information, distinguishing it from the more quantitative, or numerical, data found elsewhere in the report.A U.S. military operator reported observing one UAP. The report describes the UAP as ""transiting"" and notes it had ""no impact to mission."" The report also states that ""dense cloud coverage intermittently impacted FMV collection.""All descriptive and estimative language contained in this report reflects the reporter's subjective interpretation at the time of the event. Such characterizations should not be interpreted as a conclusive indication of the presence or absence of any intrinsic object features or performance characteristics."
066,66,"DOW-UAP-D61, Mission Report, Persian Gulf, August 2020",Department of War,mission report,5/8/26,8/27/20,Persian Gulf,7,1126,7,core_reliable_embedded_text,searchable_now,embedded_text,0,0,,https://www.war.gov/medialink/ufo/release_1/dow-uap-d61-mission-report-persian-gulf-august-2020.pdf,4ce20fc566edf4a3dcb8a8abd7a5dcd91046069f9e35f83912ad757c8c8be1b9,"This document is a Mission Report (MISREP), a standardized reporting form the U.S. Military uses to record the circumstances surrounding its operations. U.S. military services often use MISREPs to report Unidentified Anomalous Phenomena (UAP) to AARO. The GENTEXT, or ""general text"" section of these reports often contains important qualitative, contextual information, distinguishing it from the more quantitative, or numerical, data found elsewhere in the report.A U.S. military operator reported observing a ""formation of unknown flying objects"" traveling northeast to northwest along the coast for approximately two minutes. The report notes that light cloud coverage ""prevented the continuous tracking of the formation.""All descriptive and estimative language contained in this report reflects the reporter's subjective interpretation at the time of the event. Such characterizations should not be interpreted as a conclusive indication of the presence or absence of any intrinsic object features or performance characteristics."
067,67,"DOW-UAP-D62, Mission Report, Strait of Hormuz, September 2020",Department of War,mission report,5/8/26,9/16/20,Strait of Hormuz,9,1403,9,core_reliable_embedded_text,searchable_now,embedded_text,0,0,,https://www.war.gov/medialink/ufo/release_1/dow-uap-d62-mission-report-strait-of-hormuz-september-2020.pdf,36708d3c6121b00c55394ac4a648fbcbe5411c8b2c00ea8f42f9ca0e502c6b13,"This document is a Mission Report (MISREP), a standardized reporting form the U.S. Military uses to record the circumstances surrounding its operations. U.S. military services often use MISREPs to report Unidentified Anomalous Phenomena (UAP) to AARO. The GENTEXT, or ""general text"" section of these reports often contains important qualitative, contextual information, distinguishing it from the more quantitative, or numerical, data found elsewhere in the report.A U.S. military operator reported observing one UAP at an estimated altitude of 1,800 feet.All descriptive and estimative language contained in this report reflects the reporter's subjective interpretation at the time of the event. Such characterizations should not be interpreted as a conclusive indication of the presence or absence of any intrinsic object features or performance characteristics."
068,68,"DOW-UAP-D63, Mission Report, Strait of Hormuz, October 2020",Department of War,mission report,5/8/26,10/1/20,Strait of Hormuz,8,1321,8,ocr_review_recommended,ocr_searchable_review_recommended,ocr_batch_02_tesseract,8,8,79.53,https://www.war.gov/medialink/ufo/release_1/dow-uap-d63-mission-report-strait-of-hormuz-october-2020.pdf,ad3b37eb9fbd20e6dc75152e486514e58ff8a1edde3d32615887ea0d19727884,"This document is a Mission Report (MISREP), a standardized reporting form the U.S. Military uses to record the circumstances surrounding its operations. U.S. military services often use MISREPs to report Unidentified Anomalous Phenomena (UAP) to AARO. The GENTEXT, or ""general text"" section of these reports often contains important qualitative, contextual information, distinguishing it from the more quantitative, or numerical, data found elsewhere in the report.A U.S. military operator reported observing a UAP.All descriptive and estimative language contained in this report reflects the reporter's subjective interpretation at the time of the event. Such characterizations should not be interpreted as a conclusive indication of the presence or absence of any intrinsic object features or performance characteristics."
069,69,"DOW-UAP-D64, Mission Report, Iran, November 2020",Department of War,mission report,5/8/26,11/2/20,Iran,7,1145,7,core_reliable_embedded_text,searchable_now,embedded_text,0,0,,https://www.war.gov/medialink/ufo/release_1/dow-uap-d64-mission-report-iran-november-2020.pdf,8422fceb10b2eafcab525690cc9aff6827fc78d5ae5e34b44174d9cc78abbb7c,"This document is a Mission Report (MISREP), a standardized reporting form the U.S. Military uses to record the circumstances surrounding its operations. U.S. military services often use MISREPs to report Unidentified Anomalous Phenomena (UAP) to AARO. The GENTEXT, or ""general text"" section of these reports often contains important qualitative, contextual information, distinguishing it from the more quantitative, or numerical, data found elsewhere in the report.A U.S. military operator reported observing two UAP on November 2, 2020, at 2143Z and at 2148Z. The first observation occurred at an unknown altitude. The reporter described the second UAP's direction of travel as proceeding to the northwest.All descriptive and estimative language contained in this report reflects the reporter's subjective interpretation at the time of the event. Such characterizations should not be interpreted as a conclusive indication of the presence or absence of any intrinsic object features or performance characteristics."
070,70,"DOW-UAP-D65, Mission Report, Persian Gulf, July 2020",Department of War,mission report,5/8/26,7/16/20,Persian Gulf,8,1186,8,ocr_review_recommended,ocr_searchable_review_recommended,ocr_batch_02_tesseract,8,8,81.99,https://www.war.gov/medialink/ufo/release_1/dow-uap-d65-mission-report-persian-gulf-july-2020.pdf,bfbc281190a14c522d854c0cf2699f82de419e8f8a455949871ccdc9175bf423,"This document is a Mission Report (MISREP), a standardized reporting form the U.S. Military uses to record the circumstances surrounding its operations. U.S. military services often use MISREPs to report Unidentified Anomalous Phenomena (UAP) to AARO. The GENTEXT, or ""general text"" section of these reports often contains important qualitative, contextual information, distinguishing it from the more quantitative, or numerical, data found elsewhere in the report.A U.S. military operator reported encountering three separate UAP on July 16, 2020, at 1830Z, 1920Z, and 2345Z. All descriptive and estimative language contained in this report reflects the reporter's subjective interpretation at the time of the event. Such characterizations should not be interpreted as a conclusive indication of the presence or absence of any intrinsic object features or performance characteristics."
071,71,"DOW-UAP-D7, Mission Report, Arabian Gulf, 2020",Department of War,mission report,5/8/26,N/A,N/A,6,128,1,expanded_review_recommended,sparse_searchable_review_recommended,embedded_plus_ocr_check,5,0,,https://www.war.gov/medialink/ufo/release_1/dow-uap-d7-mission-report-arabian-gulf-2020.pdf,c4cae44b6ac7b4f4916ddff140d47b1e2a6ddc80ed72985877c07401d17fd76a,"This document is a Mission Report (MISREP), a standardized reporting form the U.S. Military uses to record the circumstances surrounding its operations. U.S. military services often use MISREPs to report Unidentified Anomalous Phenomena (UAP) to AARO. The GENTEXT, or ""general text"" section of these reports often contains important qualitative, contextual information, distinguishing it from the more quantitative, or numerical, data found elsewhere in the report.A U.S. military operator reported observing a UAP, describing it as ""look[ing] like a balloon."" The report describes the UAP as ""traveling with the winds at approximately 31,000 ft."" The visually tracked the UAP via onboard infrared sensor.All descriptive and estimative language contained in this report reflects the reporter's subjective interpretation at the time of the event. Such characterizations should not be interpreted as a conclusive indication of the presence or absence of any intrinsic object features or performance characteristics."
072,72,"DOW-UAP-D74, Mission Report, Syria, November 2023",Department of War,mission report,5/8/26,11/9/23,Syria,10,1871,10,core_reliable_embedded_text,searchable_now,embedded_text,0,0,,https://www.war.gov/medialink/ufo/release_1/dow-uap-d74-mission-report-syria-november-2023.pdf,30708df4aa8484c668d3c3694560f5b57d5a10b6b3da1cfb826a925d9cc806e1,"This document is a Mission Report (MISREP), a standardized reporting form the U.S. Military uses to record the circumstances surrounding its operations. U.S. military services often use MISREPs to report Unidentified Anomalous Phenomena (UAP) to AARO. The GENTEXT, or ""general text"" section of these reports often contains important qualitative, contextual information, distinguishing it from the more quantitative, or numerical, data found elsewhere in the report.A U.S. military operator reported observing one UAP ""shaped as a bouncy ball."" The observer described the UAP as traveling ""~424kn (483 mph) consistently for at least 7mins."" The reporter described the UAP approaching from the south. The operator assessed the object as ""benign.""All descriptive and estimative language contained in this report reflects the reporter's subjective interpretation at the time of the event. Such characterizations should not be interpreted as a conclusive indication of the presence or absence of any intrinsic object features or performance characteristics."
073,73,"DOW-UAP-D75, Mission Report, Gulf of Aden, July 2024",Department of War,mission report,5/8/26,7/14/24,Gulf of Aden,8,1442,8,core_reliable_embedded_text,searchable_now,embedded_text,0,0,,https://www.war.gov/medialink/ufo/release_1/dow-uap-d75-mission-report-gulf-of-aden-july-2024.pdf,672b79390fe6595828c71e1f3df8cb0a2290f0658c36ed724e17ea167233b771,"This document is a Mission Report (MISREP), a standardized reporting form the U.S. Military uses to record the circumstances surrounding its operations. U.S. military services often use MISREPs to report Unidentified Anomalous Phenomena (UAP) to AARO. The GENTEXT, or ""general text"" section of these reports often contains important qualitative, contextual information, distinguishing it from the more quantitative, or numerical, data found elsewhere in the report.A U.S. military operator reported observing one UAP on July 14, 2024. The observer reported that the UAP maintained a ""straight flight path at same altitude"". The report notes that the UAP's ""speed was faster than flying speed,"" and the operator assessed the object as ""benign."" The operator reported following the UAP ""till the distance became too far.""All descriptive and estimative language contained in this report reflects the reporter's subjective interpretation at the time of the event. Such characterizations should not be interpreted as a conclusive indication of the presence or absence of any intrinsic object features or performance characteristics."
074,74,"DOW-UAP-D8, Mission Report, Djibouti, 2025",Department of War,mission report,5/8/26,N/A,Mediterranean Sea,7,128,1,expanded_review_recommended,sparse_searchable_review_recommended,embedded_plus_ocr_check,6,0,,https://www.war.gov/medialink/ufo/release_1/dow-uap-d8-mission-report-djibouti-2025.pdf,0a8548a845c3b45f90ee512bdfd8eac1af073072228e7e4d24e779d12025886c,"This document is a Mission Report (MISREP), a standardized reporting form the U.S. Military uses to record the circumstances surrounding its operations. U.S. military services often use MISREPs to report Unidentified Anomalous Phenomena (UAP) to AARO. The GENTEXT, or ""general text"" section of these reports often contains important qualitative, contextual information, distinguishing it from the more quantitative, or numerical, data found elsewhere in the report.A U.S. military operator reported observing two ""white hot UAPs."" The reporter estimated the UAP's speed as approximately 240 nautical miles per hour (276 mph).All descriptive and estimative language contained in this report reflects the reporter's subjective interpretation at the time of the event. Such characterizations should not be interpreted as a conclusive indication of the presence or absence of any intrinsic object features or performance characteristics."
075,75,"DOW-UAP-PR20, Unresolved UAP Report, Kuwait, May 2022",Department of War,report,5/8/26,N/A,Iraq,1,148,1,expanded_review_recommended,sparse_searchable_review_recommended,embedded_plus_ocr_check,1,1,,https://www.war.gov/medialink/ufo/release_1/dow-uap-pr20.pdf,1ff8c16256579734969188915ad0e80062e1d5639bc424c6a207340e892c6dc6,"The United States Central Command submitted a report of an unidentified anomalous phenomenon (UAP) to the All-domain Anomaly Resolution Office (AARO) consisting of a still image derived from a U.S. military system in 2022. The original reporter digitally altered the imagery by adding a red line encircling an area of interest before submitting it to AARO. An accompanying mission report, DoW-UAP-D12, described the UAP as moving from north to northeast. The operator reported that they were unable to positively identify the UAP.Image Description: The image contains an encircled, elongated area of contrast in the top left quarter. The area of contrast increases in intensity along its length from top left to bottom right.This image description is provided for informational purposes only. Readers should not interpret any part of this description as reflecting an analytical judgment, investigative conclusion, or factual determination regarding the described event's validity, nature, or significance."
100,100,"NASA-UAP-D1, Apollo 12 Transcript, 1969",NASA,transcript,5/8/26,1969,Moon,4,1169,4,core_reliable_embedded_text,searchable_now,embedded_text,0,0,,https://www.war.gov/medialink/ufo/release_1/nasa-uap-d1-apollo-12-transcript-1969.pdf,ab911622b7d4203d9d54914f03d1662cf561b7f943afe9d17f9617cfaea06585,"Apollo 12 was the fourth crewed U.S. mission to the Moon and the second to land astronauts on the lunar surface. This document is an excerpt from the Apollo 12 Technical Air-to-Ground Voice Transcription, November 1969, highlighting two periods in which astronauts reported observing unidentified phenomenon: a one hour period on the fifth day, and a two minute period on the sixth day. These transcripts contain contemporaneous observations by the flight crew reacting to unidentified phenomenon. Day 05, Hour 19, Minute 14, Second 58 through Day 05, Hour 20, Minute 12, Second 14:o At 05:19:27:25, the pilot of the Lunar Module (LMP-LM), Astronaut Alan L. Bean, described observing particles and flashes of light ""sailing off in space"" via the onboard Alignment Optical Telescope (AOT). He characterized these phenomenon as ""escaping the Moon."" Day 06, Hour 00, Minute 21, Second 42 through Day 06, Hour 00, Minute 23, Second 33:o Mission Commander, Charles ""Pete"" Conrad, described observing floating debris outside the lunar module, which had been illuminated by the module's onboard tracking light. At 06:00:21:51, Conrad assessed that the tracking light had burnt out because he could no longer see the debris from the module."
101,101,"NASA-UAP-D2, Apollo 17 Transcript, 1972",NASA,transcript,5/8/26,1972,Moon,16,3971,16,core_reliable_embedded_text,searchable_now,embedded_text,0,0,,https://www.war.gov/medialink/ufo/release_1/nasa-uap-d2-apollo-17-transcript-1972.pdf,9d041c8799a0124dc440c05cacd790a43d9e063e399aaa5cd3ee777b14146d03,"Apollo 17 was the ninth crewed U.S. mission to the Moon, and the sixth to land astronauts on the lunar surface. This document is an excerpt from the Apollo 17 Technical Air-to-Ground Voice Transcription, December 1972, highlighting three periods in which astronauts reported observing unidentified phenomenon: a nine minute period on the first day, a three hour period on the second day, and a six minute period on the third day. Day 00, Hour 03, Minute 34, Second 10 through Day 00, Hour 03, Minute 42, Second 29: o Command Module Pilot (CMP), Ronald Evans, reported observing ""very bright particles or fragments"" drifting and ""tumbling"" near the spacecraft as it maneuvered. Lunar Module Pilot (LMP), Harrison ""Jack"" Schmitt, described the phenomenon as looking ""like the Fourth of July."" The astronauts speculated that the phenomenon may be attributable to ice or paint fragments dislodging from a separated component of the spacecraft (S-IVB) but characterized that assessment as a ""wild guess."" Day 02, Hour 18, Minute 42, Second 34 through Day 02, Hour 21, Minute 07, Second 05: o Mission Commander, Eugene A. Cernan, reported difficulty sleeping and described having observed ""some sets of the streaks."" He also described an intense light flashing between his eyes, describing its intensity as comparable to that of a train headlight and characterizing it as ""imposing."" Over the next three hours, Cernan described observing several flashing, rotating phenomenon that he assessed as corresponding to physical objects in space rather than a purely optical phenomenon. LMP Schmitt also reported observing similar phenomenon, though he again assessed the source of his observation to be a separated rocket stage (S-IVB). At 02:20:55:22, Cernan reported observing two additional distant flashing objects, though he assessed them as Spacecraft/Lunar Module Adapter panels (SLA panel), another separated component of the Saturn V rocket. Day 03, Hour 15, Minute 33, Second 25 through Day 03, Hour 15, Minute 39, Second 46: o At 03:15:38:09, LMP Schmitt exclaimed that he had observed a flash on the lunar surface north of Grimaldi (crater)."
102,102,"NASA-UAP-D4, Apollo 11 Technical Crew Debriefing, 1969",NASA,transcript/debrief,5/8/26,1969,N/A,11,1962,11,ocr_review_recommended,ocr_searchable_review_recommended,ocr_batch_03_tesseract,11,11,91.88,https://www.war.gov/medialink/ufo/release_1/nasa-uap-d4-apollo-11-technical-crew-debriefing-1969.pdf,aacc41814dd16583bbeabe068026bf286cd9b0e464ff097c5c7b97b00d308443,"Apollo 11 was the third crewed mission to the Moon and the first to land Astronauts on the lunar surface. This document is an excerpt from the Apollo 11 Technical Crew Debriefing (Volumes 1 and 2) from July 31, 1969. The document highlights three observations: one, an object on the way out to the Moon; two, flashes of light inside the cabin; and three, a sighting on the return trip of a bright light tentatively assumed by the crew to be a laser. Page 6-33 (Vol. 1). [Lunar Module Pilot for Apollo 11, Buzz Aldrin]: ""The first unusual thing that we saw I guess was 1 day out or something pretty close to the moon. It had a sizeable dimension to it, so we put the monocular on it."" The crew speculated that it could have been the S-IVB stage of the Saturn V launch vehicle. Page 6-37 (Vol. 1). [Lunar Module Pilot for Apollo 11, Buzz Aldrin] ""The other observation that I made accumulated gradually. I don't know whether I saw it the first night, but I'm sure I saw it the second night. I was trying to go to sleep with all the lights out. I observed what I thought were little flashes inside the cabin, spaced a couple of minutes apart..."" Page 21-1 (Vol. 2). [Lunar Module Pilot for Apollo 11, Buzz Aldrin] ""I observed what appeared to be a fairly bright light source which we tentatively ascribed to a possible laser."""
103,103,"NASA-UAP-D5, Apollo 17 Crew Debriefing for Science, 1973",NASA,range fouler/debrief,5/8/26,1973,N/A,3,527,3,core_reliable_embedded_text,searchable_now,embedded_text,0,0,,https://www.war.gov/medialink/ufo/release_1/nasa-uap-d5-apollo-17-crew-debriefing-for-science-1973.pdf,5d7db3870de8c01a1c39b7e8a4185dd026fe132f01d1cd5ded60f10866722f7e,"Apollo 17 was the ninth crewed U.S. mission to the Moon, and the sixth to land Astronauts on the lunar surface. This document is an excerpt from the Apollo 17 Crew Debriefing for Science on January 8, 1973, in which Dick Henry, co-investigator on the ultraviolet experiment on Apollo 17, discusses seeing results that were unexpected. Pages 119-120. ""One of the most exciting results of X-ray astronomy was the fact that an X-ray background was observed over the sky that nobody had expected, and part of this is the gamma-ray background that Dr. Trombka talked about. In the UV, nobody knows, but you never know until you look. You do have to deal with this background of stars that we know is there. So, we did look at a large number of different points at high galactic latitudes, both north and south. The spectrum that we see is above this dark count. In other words, this abnormally high dark current did not, in fact, interfere with that experiment. The spectrum that we see looks like the spectrum of the hot star; however, we know that there were no hot stars within our field of view. Therefore, the most conservative interpretation, I think, is that what we're seeing is light from hot stars in the galactic plane going up out of the plane and reflecting off interstellar dust. There are certain characteristics of the spectrum, though, that don't fit that theory, and it's at least possible that this is extragalactic radiation. I'm looking forward very much to the detailed computer study of this, but it's going to take a long time."""
104,104,"NASA-UAP-D6, Apollo 17 Technical Crew Debriefing, 1973",NASA,transcript/debrief,5/8/26,1973,N/A,2,320,2,ocr_review_recommended,ocr_searchable_review_recommended,ocr_batch_02_tesseract,2,2,91.93,https://www.war.gov/medialink/ufo/release_1/nasa-uap-d6-apollo-17-technical-crew-debriefing-1973.pdf,2c874c40c55505f2348177ddde77c9fd015bf971e6e059c43508a92bc9ee6b30,"Apollo 17 was the ninth crewed U.S. mission to the Moon, and the sixth to land Astronauts on the lunar surface. This document is an excerpt from the Apollo 17 Technical Crew Debriefing on January 4, 1973, in which astronaut Harrison Schmitt reported seeing light flashes. Page 24-4. [Lunar Module Pilot Harrison Schmitt]: ""We had light flashes just about continuously during the whole flight when we were dark adapted. I had one which I thought was a flash on the lunar surface. That one period of time when we had the blindfolds on for the ALFMED [Apollo Light Flash Moving Emulsion Detector] experiment there were just no visible flashes, although that evening, that night, before I went to sleep, I noticed that I was seeing the light flashes again."""
105,105,"NASA-UAP-D7, Skylab Techincal Crew Debriefing 1973",NASA,transcript/debrief,5/8/26,1973,N/A,11,2111,11,ocr_review_recommended,ocr_searchable_review_recommended,ocr_batch_03_tesseract,11,11,94.78,https://www.war.gov/medialink/ufo/release_1/nasa-uap-d7-skylab-technical-crew-debriefing-1973.pdf,49e232c72a77f16f7e06593789a36882d614888d882a74d71eabcc7d2ce94fb6,"Launched on May 14, 1973, Skylab was the United States' first laboratory in space. From 1973 to 1974, the station was visited by three crews. This document contains excerpts from all three crews to visit the station. In the first excerpt taken from Skylab 1/2 [first crew] Technical Debriefing from June 30, 1973, highlights crew observations of light flashes. The second excerpt taken from Skylab 1/3 Technical Crew Debriefing from October 4, 1973, highlights two observations-a satellite in similar orbit and another object with a ""reddish hue to it."" The final excerpt taken from the Skylab 1/4 Technical Crew Debriefing from February 22, 1974, highlights an observation of flashing lights outside Skylab. Skylab 2 crew observation: o Page 23-20. [Science Pilot for Skylab 2, Joesph Kerwin] ""We saw light flashes. I think all of us saw them. I saw them most often when I was in the sack at night with my eyes closed but awake naturally. They tended to wax and wane in frequency."" Skylab 3 crew observations: o Page 7-4. [Science Pilot for Skylab 3, Owen Garriott] ""We saw that satellite about a week before splashdown. That was one of the most unusual things that we saw and I guess Jack [Lousma] noticed it looking out the window. This bright reddish object was out there and we tracked it for about 5 or 10 minutes. It was obviously a satellite in a very similar orbit to our own.""o Page 20-1. [Science Pilot for Skylab 3, Owen Garriott] ""Jack [Lousma] first noticed this rather large red star out the wardroom window. Upon close examination, it was much brighter than Jupiter or any of the other planets. It had a reddish hue to it, even though it was well above the horizon."" Skylab 4 crew observation o Page 7-8. [Commander for Skylab 4, Gerald P. Carr] ""One other area of unusual events that we reported on the dump tapes was that on occasion we saw some lights flashing outside with very a definite motion relative to ours. We presumed that they were other pieces of Skylab, or possibly other satellites."""
106,106,"State Department UAP Cable 1, Papua New Guinea, January 28, 1985",Department of State,diplomatic cable,5/8/26,1/24/85,Papua New Guinea,3,421,3,core_reliable_embedded_text,searchable_now,embedded_text,0,0,,https://www.war.gov/medialink/ufo/release_1/dos-uap-d1-cable-1-papua-new-guinea-january-1985.pdf,74032ed145b1badbb1049005b4b77ba95351cb573c3cf6578a77ca25f4033220,"This document is a U.S. Department of State diplomatic cable from the U.S. Embassy in Port Moresby, Papua New Guinea to USCINCPAC (United States Indo-Pacific Command) at Honolulu, HI on January 28, 1985. The cable reports that the U.S. Embassy to Papua New Guinea received an inquiry from the host nation's intelligence services regarding reports of high-altitude, high-speed aircraft in Papua New Guinean airspace on the evening of January 24, 1985. The cable refers to a representative of the local intelligence services as ""NIO,"" or National Intelligence Officer, throughout. The NIO relayed to U.S. diplomatic personnel that residents had been ""frightened by overflights, which led to the provincial premier's calling of a public meeting on the subject."" The NIO also stated there had been ""various reports of unidentified aerial phenomena the night of January 24, including fast-moving objects with lights, contrails, and noise."" The NIO assessed these reports as credible based upon the testimony of an Air Niugini pilot who said that their radar had ""picked up aircraft flying south to north at high altitude and high speed.""The cable concludes by characterizing the information provided by the NIO as ""very sketchy."" It also sought clarification from U.S. INDOPACOM on the presence or absence of U.S. military aircraft within Papua New Guinean airspace on the night in question."
107,107,"State Department UAP Cable 2, Kazakhstan, January 31, 1994",Department of State,diplomatic cable,5/8/26,1/27/94,Kazakhstan,3,568,3,core_reliable_embedded_text,searchable_now,embedded_text,0,0,,https://www.war.gov/medialink/ufo/release_1/dos-uap-d2-cable-2-kazakhstan-january-1994.pdf,64847feac6a309a847a39689ed2036e556f35a253189c7b9b33bd9d40b26b239,"This document is a U.S. Department of State diplomatic cable from the U.S. Embassy in Dushanbe, Tajikistan to the Secretary of State in Washington, D.C. on January 31, 1994.On January 27, 1994 one Tajik pilot and three American citizens encountered an UAP flying a 747 jet at 41,000 feet over Kazakhstan. Object was a bright light of enormous intensity and approached over the horizon to the east at great speed and a much higher altitude. Several pictures were taken of the craft making 90 degree turns, doing corkscrews and maneuvering in circles a great rates of speed. Object was reported as resembling a bullet in flight. Visual estimation of the contrails were at 100,000 feet, which was too high to leave contrails by ordinary aircraft."
108,108,"State Department UAP Cable 3, Tbilisi, Georgia, October 30, 2001",Department of State,diplomatic cable,5/8/26,10/28/2001-10/29/2001,Georgia,5,1321,5,core_reliable_embedded_text,searchable_now,embedded_text,0,0,,https://www.war.gov/medialink/ufo/release_1/059uap00011.pdf,df5874d4b68d17f996da1af0026bf701c627a6e21c244cabf6fd53689369beca,"On October 28-29, there was an incident alleged by the Georgian Foreign Ministry that Russian aircraft had violated Georgian airspace and bombed areas of the Kodori Gorge. Russians denied any of the claims and said that it could have been UFOs. Cable authors note that Russians typically engage in the ""bold lie"" when they wish to conceal actions."
109,109,"State Department UAP Cable 4, Ashgabat, Turkmenistan, November 5, 2004",Department of State,diplomatic cable,5/8/26,11/5/04,Turkmenistan,5,1160,5,core_reliable_embedded_text,searchable_now,embedded_text,0,0,,https://www.war.gov/medialink/ufo/release_1/059uap00012.pdf,a289d6a9d8286514343ac3be8a793f0e1d297b400ccc0a417485cba385fd9230,"UFOlogists of Turkmenistan has gained a positive reputation as a reliable partner for the United States in Turkmenistan to the bemusement of the cable's author in the build up of civil society organizations within the country. The reputation has become earned because everyone in Turkmenistan, apparently, ""is interested in UFOs."""
110,110,"State Department UAP Cable 5, Mexico, September 16, 2003",Department of State,diplomatic cable,5/8/26,9/12/03,Mexico,7,1828,7,core_reliable_embedded_text,searchable_now,embedded_text,0,0,,https://www.war.gov/medialink/ufo/release_1/059uap00013.pdf,022b27728e86e291e078cac1d4fd5dcf225b2f6700175db9ea8ada19147318d8,"On September 12, 20023 the Mexican Congress heard testimony on UAP from experts related to the debate about an Aerial Space Protection Law, which, if approved, would make Mexico the first country to formally acknowledge the presence of alien life on earth. Experts asked legislators to recognize UAP, guarantee airspace security, and allow UAP to be studied. They presented to alleged alien corpses and videos of Mexican pilot's encounters with fast-moving flying objects during flight. Disagreement about the efficacy and validity of the purported alien corpses."
111,111,USPER Statement about UAP Sighting,FBI,document,5/8/26,Late 2025,United States,3,1129,3,core_reliable_embedded_text,searchable_now,embedded_text,0,0,,https://www.war.gov/medialink/ufo/release_1/usper-statement-redacted.pdf,63deae172b2bd4923696ed097c0c25d1286f116be1efb313d14c0630ac0a1786,"This is an FBI 302 interview conducted with a senior US intelligence official regarding his first-hand account of a UAP encounter at a US military facility. USPER relayed to FBI agents that he and other federal and state personnel conducted searches to where orbs had been previously seen. After searching the area with a helicopter, they found a ""super-hot"" orb hovering over the ground. The orb is reported to have travelled for 20 miles at a speed too fast for the helicopter in pursuit. An additional ""swarm"" of lights were seen moving in all directions. A total of four or five additional orbs were seen shortly thereafter for a short time, flaring up and then down. This pattern of four or five orbs flaring up, then down continued over the next thirty minutes across the area."
113,113,FBI September 2023 Sighting - Serial 3,FBI,FBI serial/case material,5/8/26,9/1/23,United States,2,351,2,expanded_review_recommended,sparse_searchable_review_recommended,embedded_plus_ocr_check,1,1,,https://www.war.gov/medialink/ufo/release_1/serial%205%20redacted_redacted.pdf,c38d267441b19350df557d9f3bfbd689fb5ba0619366373a7b9e6f8dce84bb8c,"This is an FBI 302 interview conducted with a US citizen regarding their first-hand account of a UAP encounter at a US test site. USPER described an object ""metallic bronze in color."""
114,114,FBI September 2023 Sighting - Serial 4,FBI,FBI serial/case material,5/8/26,9/1/23,United States,2,717,2,ocr_review_recommended,ocr_searchable_review_recommended,ocr_batch_02_tesseract,2,2,82.84,https://www.war.gov/medialink/ufo/release_1/serial-3_redacted.pdf,4f462fefe8f38e6445f652067ff0ba418e6b0d4f38ce73b5c8190e857fe352ed,"This is an FBI 302 interview conducted with a US citizen regarding their first-hand account of a UAP encounter at a US test site. USPER described an object ""metallic/gray in color."""
115,115,FBI September 2023 Sighting - Serial 5,FBI,FBI serial/case material,5/8/26,9/1/23,United States,2,157,1,core_reliable_embedded_text,searchable_now,embedded_text,0,0,,https://www.war.gov/medialink/ufo/release_1/serial-4-redacted_redacted.pdf,29ed0fb7cbe0be3c23965212bb83c58d3890a0de9253938ee4e9c9bb2349d5fe,"This is an FBI 302 interview conducted with a US citizen regarding their first-hand account of a UAP encounter at a US test site. USPER described a ""bright light over the horizon."""
116,116,Western US Event,Department of War,document,5/8/26,2023,Western United States,4,947,4,core_reliable_embedded_text,searchable_now,embedded_text,0,0,,https://www.war.gov/medialink/ufo/release_1/western_us_event_slides_5.08.2026.pdf,6a4e6ee6111eec24d28aa9b4b9d72beafe0be5a480972683fbce82f758e6be35,"This document is a summary of statements by seven US PERSONs employed by the federal government who separately reported observing several unidentified anomalous phenomena in the western United States over the course of two days in 2023. The summary notes the US PERSONS reported four distinct categories of experiences, including observing ""orbs launching other orbs"" at a distance, observing a large stationary glowing orb at close estimated range, pursuing a large phenomenon near the ground, and observing a large, seemingly transparent phenomenon, reported to being akin to a ""translucent kite."" Although there is no technical data directly associated with this report, contextual factors - such as these events sharing features with others reported to the All-domain Anomaly Resolution Office (AARO), the reporters' credibility, and the potentially anomalous nature of the events themselves - combine to make this report among the most compelling within AARO's current holdings."
